<?xml version="1.0" encoding="UTF-8"?>
<beans xmlns="http://www.springframework.org/schema/beans"
	xmlns:context="http://www.springframework.org/schema/context"
	xmlns:mvc="http://www.springframework.org/schema/mvc" xmlns:xsi="http://www.w3.org/2001/XMLSchema-instance"
	xsi:schemaLocation="
        http://www.springframework.org/schema/beans http://www.springframework.org/schema/beans/spring-beans-3.0.xsd
        http://www.springframework.org/schema/context http://www.springframework.org/schema/context/spring-context-3.0.xsd
        http://www.springframework.org/schema/mvc http://www.springframework.org/schema/mvc/spring-mvc-3.0.xsd">

    <!-- read properties from a properties file -->
    <context:property-placeholder location="classpath:zoo.properties"/>
	<context:annotation-config/>
    <mvc:annotation-driven />
    <context:component-scan base-package="com.whiteleys.zoo.web.controller"/>


    <bean id="dataSource" class="org.springframework.jdbc.datasource.SingleConnectionDataSource">
        <property name="driverClassName" value="org.hsqldb.jdbcDriver"/>
        <property name="url" value="jdbc:hsqldb:file:zoodb"/>
        <property name="username" value="sa"/>
        <property name="password" value=""/>
        <property name="suppressClose" value="true"/>
    </bean>

    <bean id="sessionFactory" class="org.springframework.orm.hibernate3.annotation.AnnotationSessionFactoryBean">
        <property name="dataSource" ref="dataSource"/>
        <property name="packagesToScan" value="com.whiteleys.zoo.domain"/>
        <property name="hibernateProperties">
            <props>
               <prop key="hibernate.dialect">org.hibernate.dialect.HSQLDialect</prop>
               <prop key="hibernate.hbm2ddl.auto">update</prop>
               <prop key="show_sql">true</prop>
            </props>
        </property>
    </bean>

    <bean id="hibernateTemplate" class="org.springframework.orm.hibernate3.HibernateTemplate">
        <description>
            Template is configured with session factory defined in the main web app
        </description>
        <property name="sessionFactory" ref="sessionFactory"/>
    </bean>


    <!-- data access objects -->
    <bean id="userDao" class="com.whiteleys.zoo.dao.hibernate.HibernateUserDao">
        <property name="sessionFactory" ref="sessionFactory"/>
    </bean>

    <bean id="animalDao" class="com.whiteleys.zoo.dao.hibernate.HibernateAnimalDao">
        <property name="sessionFactory" ref="sessionFactory"/>
    </bean>

    <!-- services  -->
    <bean id="animalService" class="com.whiteleys.zoo.service.support.AnimalServiceImpl"/>
    <bean id="userService" class="com.whiteleys.zoo.service.support.UserServiceImpl"/>
	<bean id="userValidator" class="com.whiteleys.zoo.web.validator.UserValidator" />
    
    <!-- servlet filters (must be in the root application context - hence in this file) -->
    <bean id="securityFilter" class="com.whiteleys.zoo.web.filter.SecurityFilter">
        <property name="exemptUrls">
            <set>
                <value>/whiteley-zoo/login.html</value>
                <value>/whiteley-zoo/register.html</value>
            </set>
        </property>
    </bean>

</beans>
