<?xml version="1.0" encoding="UTF-8"?>
<beans xmlns="http://www.springframework.org/schema/beans"
       xmlns:xsi="http://www.w3.org/2001/XMLSchema-instance"
       xmlns:context="http://www.springframework.org/schema/context"
       xsi:schemaLocation="http://www.springframework.org/schema/beans http://www.springframework.org/schema/beans/spring-beans-3.0.xsd http://www.springframework.org/schema/context http://www.springframework.org/schema/context/spring-context.xsd">

    <bean class="org.springframework.web.servlet.mvc.annotation.DefaultAnnotationHandlerMapping">
           <description>
               Use @RequestMapping at type level
           </description>
       </bean>

       <bean class="org.springframework.web.servlet.mvc.annotation.AnnotationMethodHandlerAdapter"/>

    <!--<bean class="org.springframework.web.servlet.handler.SimpleUrlHandlerMapping">
        <property name="mappings">
            <props>
                <prop key="/login.html">loginController</prop>
                <prop key="/register.html">userRegistrationController</prop>
                <prop key="/home.html">userController</prop>
                <prop key="/gallery.html">userController</prop>
                <prop key="/addFavourite.html">userController</prop>
                <prop key="/removeFavourite.html">userController</prop>
                <prop key="/logout.html">userController</prop>
            </props>
        </property>
        <property name="alwaysUseFullPath" value="true"/>
    </bean>-->

    <!--&lt;!&ndash; form controllers &ndash;&gt;
    <bean id="userRegistrationController"
          class="com.whiteleys.zoo.web.controller.UserRegistrationController">
        <property name="formView" value="register"/>
        <property name="successView" value="redirect:/home.html"/>
    </bean>-->

    <!--<bean id="loginController"
          class="com.whiteleys.zoo.web.controller.LoginController">
        <property name="formView" value="login"/>
        <property name="successView" value="redirect:/home.html"/>
    </bean>-->

    <!-- multi-method controllers -->
    <!--<bean id="userController" class="com.whiteleys.zoo.web.controller.UserController"/>-->

    <!-- using Tiles 2 in the view -->
    <bean id="tilesConfigurer" class="org.springframework.web.servlet.view.tiles2.TilesConfigurer">
        <property name="definitions">
            <list>
                <value>/WEB-INF/tiles/tiles.xml</value>
            </list>
        </property>
    </bean>
    <bean id="viewResolver" class="org.springframework.web.servlet.view.UrlBasedViewResolver">
        <property name="viewClass" value="org.springframework.web.servlet.view.tiles2.TilesView"/>
    </bean>

</beans>
